,Original sequence affinity score,Original sequence global score,Optimal sequence,Global score,Molecular weight,Isoelectric point,Aromaticity,Instability index,Hydrophobicity,Hydrophilicity,"Secondary structure fraction (Helix, Turn, Sheet)"
Input peptide property,-,-,GNGVPNLRGDLQVLGQRVGRT,-,2206.4647999999997,11.69902935028076,0.0,20.514285714285716,-0.5380952380952382,0.11904761904761903,"(0.14285714285714285, 0.42857142857142855, 0.3333333333333333)"
Docking result rank 1,-0.9503,1.547,GSSPFEREELLQELLEKLLQQ,1.5359,2486.7714000000005,4.325129127502442,0.047619047619047616,109.66190476190474,-0.6857142857142856,0.42380952380952364,"(0.5714285714285714, 0.19047619047619047, 0.3333333333333333)"
Docking result rank 2,3.77701,1.5419,GNGLLSELESILEALLELLPL,1.5297,2236.6002000000003,4.0500284194946286,0.0,35.00952380952381,0.9047619047619048,-0.27142857142857146,"(0.6666666666666666, 0.2857142857142857, 0.47619047619047616)"
Docking result rank 3,-1.02166,1.5558,GNSPLLSALNSLIQAGLDALG,1.5339,2024.2749999999996,4.0500284194946286,0.0,26.4047619047619,0.6428571428571428,-0.4571428571428573,"(0.42857142857142855, 0.47619047619047616, 0.3333333333333333)"
Docking result rank 4,-2.008,1.5415,GLGLLPLLLSLLPTGYQLLRG,1.5282,2207.6962000000003,8.747602272033692,0.047619047619047616,24.909523809523805,1.0666666666666669,-0.8190476190476191,"(0.47619047619047616, 0.3333333333333333, 0.5714285714285714)"
Docking result rank 5,-0.88765,1.5484,GLPSLDYLEEELKKLLEELLN,1.534,2458.7977000000005,4.142448616027831,0.047619047619047616,66.35238095238095,-0.2857142857142858,0.37142857142857144,"(0.7142857142857143, 0.23809523809523808, 0.42857142857142855)"
Docking result rank 6,-0.91682,1.5445,SLSLALLAELLQALAERLARN,1.5366,2265.6514,5.86387424468994,0.0,30.92380952380952,0.7047619047619049,-0.18571428571428572,"(0.7142857142857142, 0.14285714285714285, 0.38095238095238093)"
Docking result rank 7,-1.00479,1.5434,SLDLLELLEELLADPETVLKS,1.5248,2340.6618000000003,4.0500284194946286,0.0,25.238095238095234,0.36190476190476195,0.2285714285714285,"(0.6666666666666667, 0.23809523809523808, 0.47619047619047616)"
Docking result rank 8,2.31075,1.5403,GSQLSNLAEQLLAELLALLLG,1.5319,2166.5136,4.0500284194946286,0.0,27.866666666666667,0.9380952380952382,-0.5,"(0.6666666666666666, 0.23809523809523808, 0.42857142857142855)"
Docking result rank 9,-1.19975,1.5396,GLLPLVGEELAQRLAALLSRR,1.5298,2275.6926000000003,9.51045665740967,0.0,63.03333333333333,0.4285714285714284,-0.004761904761904745,"(0.5714285714285714, 0.19047619047619047, 0.38095238095238093)"
Docking result rank 10,-1.48905,1.5388,GLGLLEELENLLIELLNKLLS,1.5282,2336.762300000001,4.093396568298339,0.0,53.2047619047619,0.7619047619047619,-0.1952380952380952,"(0.7142857142857142, 0.23809523809523808, 0.5238095238095237)"
