Index,Original sequence affinity score,Original sequence global score,Optimal sequence,Global score,Molecular weight,Isoelectric point,Aromaticity,Instability index,Hydrophobicity,Hydrophilicity,"Secondary structure fraction (Helix, Turn, Sheet)"
Input peptide property,-,-,GNGVPNLRGDLQVLGQRVGRT,-,2206.4647999999997,11.69902935028076,0.0,20.514285714285716,-0.5380952380952382,0.11904761904761903,"(0.14285714285714288, 0.42857142857142855, 0.33333333333333337)"
Docking result rank 1,-1.11456,1.5351,GAGPVYERGKLEDELLEKLAR,1.527,2343.6342,5.006117057800293,0.047619047619047616,0.47142857142857153,-0.7333333333333331,0.7142857142857142,"(0.5714285714285714, 0.2380952380952381, 0.2857142857142857)"
Docking result rank 2,-0.66129,1.5467,SLSLLSLLEDTLKALLDVLGG,1.528,2170.5421000000006,4.0500284194946286,0.0,13.371428571428572,1.0428571428571431,-0.2714285714285714,"(0.5714285714285714, 0.33333333333333337, 0.5238095238095237)"
Docking result rank 3,-0.83204,1.5509,GGLSLPGILDSLLQALISSLL,1.5283,2080.4641,4.0500284194946286,0.0,63.56666666666667,1.342857142857143,-0.6714285714285714,"(0.42857142857142855, 0.42857142857142855, 0.47619047619047616)"
Docking result rank 4,-2.79331,1.5359,GSLDELASGSDPEKGRLLGSA,1.5277,2059.1919,4.316716957092285,0.0,13.757142857142856,-0.4761904761904763,0.5238095238095238,"(0.42857142857142855, 0.5238095238095237, 0.19047619047619047)"
Docking result rank 5,-0.84092,1.5519,SEHEEDALLSSRVLGGTSPGL,1.538,2154.2912000000006,4.39612102508545,0.0,80.90000000000002,-0.34285714285714297,0.29047619047619044,"(0.38095238095238093, 0.42857142857142855, 0.2857142857142857)"
Docking result rank 6,1.94204,1.5424,GGSLLDRLADLLAVLLARLVG,1.5243,2135.5492,5.961182594299316,0.0,3.723809523809524,1.2476190476190478,-0.3142857142857143,"(0.5238095238095238, 0.2857142857142857, 0.47619047619047616)"
Docking result rank 7,-2.03736,1.5512,SSSDLAAILESDALAEALNSG,1.5325,2034.1360000000004,4.0500284194946286,0.0,46.20952380952381,0.3238095238095238,0.10476190476190475,"(0.5238095238095238, 0.4285714285714286, 0.23809523809523808)"
Docking result rank 8,-1.7877,1.5393,GSASLLAALNDLITGTLIGLF,1.5267,2060.3899000000006,4.0500284194946286,0.047619047619047616,1.4380952380952379,1.3714285714285717,-0.7333333333333334,"(0.4285714285714286, 0.3333333333333333, 0.5238095238095238)"
Docking result rank 9,-1.36657,1.5439,GSGRLLNELEEKLLLEERLSR,1.5369,2454.7777,5.066252708435058,0.0,45.7,-0.6761904761904763,0.7238095238095238,"(0.6190476190476191, 0.23809523809523808, 0.33333333333333337)"
Docking result rank 10,-1.47581,1.5431,GLSSPSDLEDELLNKILSAIT,1.5304,2215.4536999999996,4.0500284194946286,0.0,74.36666666666666,0.11904761904761896,0.13809523809523822,"(0.42857142857142855, 0.42857142857142855, 0.380952380952381)"
